{
  "generator-jhipster": {
    "applicationType": "monolith",
    "gitHubOrganization": "",
    "baseName": "jhipsterSampleApplication",
    "packageName": "io.github.jhipster.application",
    "serverPort": 8080,
    "serviceDiscoveryType": false,
    "authenticationType": "session",
    "uaaBaseName": "../uaa",
    "cacheProvider": "no",
    "enableHibernateCache": false,
    "websocket": false,
    "databaseType": "sql",
    "devDatabaseType": "h2Memory",
    "prodDatabaseType": "postgresql",
    "searchEngine": false,
    "enableSwaggerCodegen": false,
    "messageBroker": false,
    "buildTool": "maven",
    "enableSocialSignIn": false,
    "useSass": false,
    "clientPackageManager": "yarn",
    "testFrameworks": [],
    "enableTranslation": true,
    "nativeLanguage": "de",
    "languages": [
      "en",
      "de"
    ],
    "clientFramework": "angularX",
    "jhipsterVersion": "4.14.3",
    "packageFolder": "io/github/jhipster/application",
    "rememberMeKey": "393f7acbabd22e3014de61b7ecfea02dcb2f48cd",
    "jhiPrefix": "jhi"
  }
}